codigo_ine,clave_mapa,provincia,precio,estaciones,dif_cent,media_nacional,actualizado
01,Álava,Álava,1.914,72,2.9,1.885,09/10/2026 15:04:06
02,Albacete,Albacete,1.898,153,1.4,1.885,09/10/2026 15:04:06
03,Alicante,Alicante,1.881,479,-0.3,1.885,09/10/2026 15:04:06
04,Almería,Almería,1.873,229,-1.2,1.885,09/10/2026 15:04:06
05,Ávila,Ávila,1.949,72,6.4,1.885,09/10/2026 15:04:06
06,Badajoz,Badajoz,1.89,277,0.5,1.885,09/10/2026 15:04:06
07,Baleares,Illes Balears,1.989,216,10.4,1.885,09/10/2026 15:04:06
08,Barcelona,Barcelona,1.867,782,-1.8,1.885,09/10/2026 15:04:06
09,Burgos,Burgos,1.899,136,1.4,1.885,09/10/2026 15:04:06
10,Cáceres,Cáceres,1.934,158,5.0,1.885,09/10/2026 15:04:06
11,Cádiz,Cádiz,1.894,293,0.9,1.885,09/10/2026 15:04:06
12,Castellón,Castellón,1.887,193,0.3,1.885,09/10/2026 15:04:06
13,Ciudad Real,Ciudad Real,1.887,214,0.2,1.885,09/10/2026 15:04:06
14,Córdoba,Córdoba,1.913,207,2.9,1.885,09/10/2026 15:04:06
15,La Coruña,A Coruña,1.896,286,1.1,1.885,09/10/2026 15:04:06
16,Cuenca,Cuenca,1.908,118,2.3,1.885,09/10/2026 15:04:06
17,Gerona,Girona,1.871,271,-1.4,1.885,09/10/2026 15:04:06
18,Granada,Granada,1.888,283,0.3,1.885,09/10/2026 15:04:06
19,Guadalajara,Guadalajara,1.92,89,3.5,1.885,09/10/2026 15:04:06
20,Gipuzkoa,Gipuzkoa,1.929,144,4.4,1.885,09/10/2026 15:04:06
21,Huelva,Huelva,1.926,140,4.1,1.885,09/10/2026 15:04:06
22,Huesca,Huesca,1.883,121,-0.2,1.885,09/10/2026 15:04:06
23,Jaén,Jaén,1.923,212,3.8,1.885,09/10/2026 15:04:06
24,León,León,1.911,166,2.6,1.885,09/10/2026 15:04:06
25,Lérida,Lleida,1.837,176,-4.8,1.885,09/10/2026 15:04:06
26,La Rioja,La Rioja,1.891,83,0.6,1.885,09/10/2026 15:04:06
27,Lugo,Lugo,1.937,129,5.2,1.885,09/10/2026 15:04:06
28,Madrid,Madrid,1.901,867,1.6,1.885,09/10/2026 15:04:06
29,Málaga,Málaga,1.935,306,5.0,1.885,09/10/2026 15:04:06
30,Murcia,Murcia,1.871,454,-1.4,1.885,09/10/2026 15:04:06
31,Navarra,Navarra,1.866,242,-1.9,1.885,09/10/2026 15:04:06
32,Orense,Ourense,1.919,87,3.4,1.885,09/10/2026 15:04:06
33,Asturias,Asturias,1.944,242,5.9,1.885,09/10/2026 15:04:06
34,Palencia,Palencia,1.929,66,4.4,1.885,09/10/2026 15:04:06
35,Las Palmas,Las Palmas,1.677,257,-20.8,1.885,09/10/2026 15:04:06
36,Pontevedra,Pontevedra,1.9,228,1.5,1.885,09/10/2026 15:04:06
37,Salamanca,Salamanca,1.9,109,1.5,1.885,09/10/2026 15:04:06
38,Santa Cruz de Tenerife,Santa Cruz de Tenerife,1.737,240,-14.8,1.885,09/10/2026 15:04:06
39,Cantabria,Cantabria,1.915,167,3.0,1.885,09/10/2026 15:04:06
40,Segovia,Segovia,1.906,76,2.1,1.885,09/10/2026 15:04:06
41,Sevilla,Sevilla,1.888,442,0.4,1.885,09/10/2026 15:04:06
42,Soria,Soria,1.877,41,-0.8,1.885,09/10/2026 15:04:06
43,Tarragona,Tarragona,1.855,222,-3.0,1.885,09/10/2026 15:04:06
44,Teruel,Teruel,1.864,69,-2.1,1.885,09/10/2026 15:04:06
45,Toledo,Toledo,1.913,243,2.8,1.885,09/10/2026 15:04:06
46,Valencia,Valencia,1.848,631,-3.7,1.885,09/10/2026 15:04:06
47,Valladolid,Valladolid,1.907,150,2.2,1.885,09/10/2026 15:04:06
48,Bizkaia,Bizkaia,1.9,128,1.5,1.885,09/10/2026 15:04:06
49,Zamora,Zamora,1.909,84,2.4,1.885,09/10/2026 15:04:06
50,Zaragoza,Zaragoza,1.877,232,-0.8,1.885,09/10/2026 15:04:06
51,Ceuta,Ceuta,1.725,10,-15.9,1.885,09/10/2026 15:04:06
52,Melilla,Melilla,1.592,12,-29.3,1.885,09/10/2026 15:04:06
